{
  "clear": {
    "precision": 0.706766917293233,
    "recall": 0.4034334763948498,
    "f1-score": 0.5136612021857924,
    "support": 699.0
  },
  "cloudy": {
    "precision": 0.7919224555735056,
    "recall": 0.9252548131370328,
    "f1-score": 0.8534122562674095,
    "support": 2649.0
  },
  "rain": {
    "precision": 0.8144796380090498,
    "recall": 0.6122448979591837,
    "f1-score": 0.6990291262135923,
    "support": 588.0
  },
  "accuracy": 0.7858231707317073,
  "macro avg": {
    "precision": 0.7710563369585962,
    "recall": 0.6469777291636888,
    "f1-score": 0.688700861555598,
    "support": 3936.0
  },
  "weighted avg": {
    "precision": 0.7801693818982489,
    "recall": 0.7858231707317073,
    "f1-score": 0.770012035923229,
    "support": 3936.0
  }
}