model_name,optimizer,params,best_val_accuracy,test_accuracy
bigger_relu,adam,2563,0.788564145565033,0.7876016260162602
baseline_relu_rmsprop,rmsprop,771,0.7872934937477112,0.7863313008130082
small_relu,adam,147,0.7898347973823547,0.7860772357723578
baseline_relu,adam,771,0.7911054491996765,0.7845528455284553
tanh_model,adam,771,0.7872934937477112,0.7822662601626016
